product_sku,week_start,p_pos,reg_pred_raw,expected,thresholded
PRD0000,2024-11-04,0.7971541,8.7757015,6.995587,8.775701522827148
PRD0000,2024-11-11,0.88925457,16.786856,14.927788,16.786855697631836
PRD0000,2024-11-18,0.840042,20.014372,16.812912,20.014371871948242
PRD0000,2024-11-25,0.64285636,12.838512,8.25332,12.838512420654297
PRD0000,2024-12-02,0.75961703,9.960541,7.5661964,9.960540771484375
PRD0000,2024-12-09,0.8061514,10.1629505,8.192877,10.16295051574707
PRD0000,2024-12-16,0.7756754,7.441765,5.772394,7.441764831542969
PRD0000,2024-12-23,0.6979757,5.681737,3.9657142,5.681736946105957
PRD0000,2024-12-30,0.73048395,6.116738,4.4681787,6.1167378425598145
PRD0000,2025-01-06,0.6374724,3.9504476,2.5183012,3.9504475593566895
PRD0000,2025-01-13,0.52835214,3.3003893,1.7437677,3.300389289855957
PRD0000,2025-01-20,0.7878274,5.98478,4.7149734,5.9847798347473145
PRD0000,2025-01-27,0.7229495,5.9159355,4.2769227,5.915935516357422
PRD0000,2025-02-03,0.6996952,6.5764856,4.601536,6.576485633850098
PRD0000,2025-02-10,0.6756012,6.7430625,4.555621,6.743062496185303
PRD0000,2025-02-17,0.5767852,5.1248145,2.9559171,5.124814510345459
PRD0000,2025-02-24,0.7058544,6.5837364,4.6471596,6.583736419677734
PRD0000,2025-03-03,0.6018145,5.373772,3.234014,5.373772144317627
PRD0000,2025-03-10,0.5715913,5.0168185,2.86757,5.016818523406982
PRD0000,2025-03-17,0.540398,4.850843,2.6213858,4.8508429527282715
PRD0000,2025-03-24,0.5008676,4.7597656,2.3840125,4.759765625
PRD0000,2025-03-31,0.7768862,5.968409,4.636775,5.968409061431885
PRD0000,2025-04-07,0.8446392,6.319346,5.3375673,6.319345951080322
PRD0000,2025-04-14,0.76340336,4.923132,3.7583354,4.923131942749023
PRD0000,2025-04-21,0.660729,4.1829815,2.763817,4.182981491088867
PRD0000,2025-04-28,0.53099453,3.6245775,1.9246309,3.624577522277832
PRD0000,2025-05-05,0.3994958,3.16214,1.2632617,0.0
PRD0000,2025-05-12,0.27251476,2.7513487,0.74978316,0.0
PRD0000,2025-05-19,0.15456794,2.4592583,0.38012248,0.0
PRD0000,2025-05-26,0.11499379,2.2018075,0.25319418,0.0
PRD0000,2025-06-02,0.08266756,1.9997616,0.1653154,0.0
PRD0000,2025-06-09,0.06356777,1.830786,0.116378985,0.0
PRD0000,2025-06-16,0.05413382,1.6833167,0.09112436,0.0
PRD0000,2025-06-23,0.04396689,1.5583782,0.068517044,0.0
PRD0000,2025-06-30,0.038451012,1.490061,0.057294354,0.0
PRD0000,2025-07-07,0.037106548,1.4700389,0.054548066,0.0
PRD0000,2025-07-14,0.038364545,1.4302845,0.054872215,0.0
PRD0000,2025-07-21,0.04068146,1.4081581,0.057285924,0.0
PRD0000,2025-07-28,0.043539003,1.4399986,0.06269611,0.0
PRD0000,2025-08-04,0.046618033,1.5518312,0.07234332,0.0
PRD0000,2025-08-11,0.052131753,1.6692514,0.08702101,0.0
PRD0000,2025-08-18,0.058623217,1.806155,0.105882615,0.0
PRD0000,2025-08-25,0.067328386,1.9359515,0.1303445,0.0
PRD0001,2024-11-04,0.78955406,5.832186,4.6048265,5.832186222076416
PRD0001,2024-11-11,0.7846184,7.0257273,5.5125146,7.025727272033691
PRD0001,2024-11-18,0.72779864,5.4924483,3.9973965,5.492448329925537
PRD0001,2024-11-25,0.7056577,6.9648695,4.914814,6.964869499206543
PRD0001,2024-12-02,0.59893435,5.6868825,3.4060693,5.686882495880127
PRD0001,2024-12-09,0.6452901,6.1537857,3.9709768,6.153785705566406
PRD0001,2024-12-16,0.6890317,6.354201,4.378246,6.354200839996338
PRD0001,2024-12-23,0.6806574,5.1435566,3.5009997,5.143556594848633
PRD0001,2024-12-30,0.62764764,4.773683,2.996191,4.773683071136475
PRD0001,2025-01-06,0.5052143,3.279221,1.6567093,3.2792210578918457
PRD0001,2025-01-13,0.41283667,3.3414707,1.3794817,0.0
PRD0001,2025-01-20,0.3544207,2.7593272,0.9779627,0.0
PRD0001,2025-01-27,0.33409902,2.8108273,0.93909466,0.0
PRD0001,2025-02-03,0.7216494,5.5942097,4.037058,5.594209671020508
PRD0001,2025-02-10,0.5799061,4.3556952,2.5258942,4.3556952476501465
PRD0001,2025-02-17,0.6056672,5.4101014,3.2767208,5.410101413726807
PRD0001,2025-02-24,0.53664714,4.7878757,2.5693998,4.787875652313232
PRD0001,2025-03-03,0.4785206,4.8054805,2.2995214,0.0
PRD0001,2025-03-10,0.4451707,4.6346745,2.0632212,0.0
PRD0001,2025-03-17,0.4053141,4.7731376,1.9346199,0.0
PRD0001,2025-03-24,0.39666045,4.665256,1.8505225,0.0
PRD0001,2025-03-31,0.37001675,4.4545264,1.6482494,0.0
PRD0001,2025-04-07,0.7551917,5.555891,4.1957626,5.555891036987305
PRD0001,2025-04-14,0.6312991,4.4974694,2.8392484,4.497469425201416
PRD0001,2025-04-21,0.5380884,3.911642,2.104809,3.911642074584961
PRD0001,2025-04-28,0.93961304,6.0717096,5.7050576,6.071709632873535
PRD0001,2025-05-05,0.834344,4.838011,4.0365653,4.838010787963867
PRD0001,2025-05-12,0.70671165,3.7468004,2.6479075,3.746800422668457
PRD0001,2025-05-19,0.8260615,4.4059258,3.6395655,4.405925750732422
PRD0001,2025-05-26,0.9311025,5.05608,4.707729,5.056079864501953
PRD0001,2025-06-02,0.8212974,3.865447,3.1746817,3.8654470443725586
PRD0001,2025-06-09,0.65403926,3.1219158,2.0418556,3.121915817260742
PRD0001,2025-06-16,0.8470149,3.7397366,3.1676126,3.739736557006836
PRD0001,2025-06-23,0.62022233,2.9598048,1.835737,2.9598047733306885
PRD0001,2025-06-30,0.9801404,6.2607355,6.1363997,6.260735511779785
PRD0001,2025-07-07,0.9891434,9.034387,8.936304,9.03438663482666
PRD0001,2025-07-14,0.989604,8.258203,8.17235,8.25820255279541
PRD0001,2025-07-21,0.9901144,10.391734,10.289005,10.39173412322998
PRD0001,2025-07-28,0.98613346,9.648308,9.514519,9.648307800292969
PRD0001,2025-08-04,0.97914666,3.9444294,3.8621747,3.944429397583008
PRD0001,2025-08-11,0.9477766,5.4793086,5.1931605,5.479308605194092
PRD0001,2025-08-18,0.9676612,7.6838064,7.4353213,7.683806419372559
PRD0001,2025-08-25,0.97329503,9.288976,9.040914,9.288975715637207
PRD0002,2024-11-04,0.2918451,3.8449435,1.122128,0.0
PRD0002,2024-11-11,0.2826014,3.9236445,1.1088274,0.0
PRD0002,2024-11-18,0.27704683,3.9670749,1.0990655,0.0
PRD0002,2024-11-25,0.27868357,3.990592,1.1121124,0.0
PRD0002,2024-12-02,0.2793169,4.023665,1.1238776,0.0
PRD0002,2024-12-09,0.27564645,4.0021853,1.1031882,0.0
PRD0002,2024-12-16,0.73471785,5.060046,3.7177062,5.060046195983887
PRD0002,2024-12-23,0.6718349,5.504068,3.6978247,5.504067897796631
PRD0002,2024-12-30,0.70964205,6.3186445,4.483976,6.3186445236206055
PRD0002,2025-01-06,0.617182,3.2356281,1.9969715,3.235628128051758
PRD0002,2025-01-13,0.5471691,2.546872,1.3935696,2.5468719005584717
PRD0002,2025-01-20,0.6071348,3.3161988,2.0133798,3.3161988258361816
PRD0002,2025-01-27,0.53014225,2.5724368,1.3637575,2.572436809539795
PRD0002,2025-02-03,0.506868,2.7535903,1.3957069,2.7535903453826904
PRD0002,2025-02-10,0.49666148,3.026256,1.5030248,0.0
PRD0002,2025-02-17,0.4838926,3.2528129,1.574012,0.0
PRD0002,2025-02-24,0.59271014,4.2869935,2.5409446,4.286993503570557
PRD0002,2025-03-03,0.56121784,4.10195,2.3020875,4.101950168609619
PRD0002,2025-03-10,0.5363874,4.159434,2.231068,4.159433841705322
PRD0002,2025-03-17,0.868772,6.9405546,6.0297594,6.940554618835449
PRD0002,2025-03-24,0.90985096,8.625043,7.8475037,8.625042915344238
PRD0002,2025-03-31,0.8949605,9.259596,8.286973,9.25959587097168
PRD0002,2025-04-07,0.81001526,7.3872786,5.9838085,7.3872785568237305
PRD0002,2025-04-14,0.7551185,6.241977,4.7134323,6.241977214813232
PRD0002,2025-04-21,0.85985476,8.197256,7.0484495,8.197256088256836
PRD0002,2025-04-28,0.8055645,6.130439,4.938464,6.130438804626465
PRD0002,2025-05-05,0.86898136,6.436676,5.5933514,6.436676025390625
PRD0002,2025-05-12,0.7932748,4.8262577,3.8285487,4.826257705688477
PRD0002,2025-05-19,0.8590984,5.344258,4.5912433,5.344257831573486
PRD0002,2025-05-26,0.9315182,6.76641,6.303034,6.766409873962402
PRD0002,2025-06-02,0.9650501,7.948224,7.6704345,7.948224067687988
PRD0002,2025-06-09,0.9694661,7.546427,7.3160048,7.546426773071289
PRD0002,2025-06-16,0.9618632,7.296609,7.0183396,7.296608924865723
PRD0002,2025-06-23,0.9529809,7.4668007,7.1157184,7.466800689697266
PRD0002,2025-06-30,0.9628752,9.053346,8.717242,9.053345680236816
PRD0002,2025-07-07,0.9443106,10.487682,9.903629,10.487682342529297
PRD0002,2025-07-14,0.92395705,7.272439,6.7194214,7.272439002990723
PRD0002,2025-07-21,0.9295615,7.396863,6.875839,7.396862983703613
PRD0002,2025-07-28,0.9282807,10.98613,10.198213,10.986129760742188
PRD0002,2025-08-04,0.9412862,10.479841,9.86453,10.479841232299805
PRD0002,2025-08-11,0.89690644,7.5847054,6.802771,7.584705352783203
PRD0002,2025-08-18,0.87640035,11.140228,9.7633,11.140228271484375
PRD0002,2025-08-25,0.87062275,8.318547,7.2423167,8.318547248840332
PRD0003,2024-11-04,0.91222775,19.447584,17.740625,19.44758415222168
PRD0003,2024-11-11,0.9105982,20.440233,18.61284,20.44023323059082
PRD0003,2024-11-18,0.8907826,28.109106,25.039103,28.109106063842773
PRD0003,2024-11-25,0.90663046,20.708595,18.775043,20.708595275878906
PRD0003,2024-12-02,0.7531051,20.334244,15.313823,20.334243774414062
PRD0003,2024-12-09,0.80012584,13.98496,11.189728,13.984959602355957
PRD0003,2024-12-16,0.79330957,17.40282,13.805824,17.402820587158203
PRD0003,2024-12-23,0.83599776,16.035059,13.405273,16.035058975219727
PRD0003,2024-12-30,0.8359611,19.580538,16.368568,19.580537796020508
PRD0003,2025-01-06,0.81228995,18.794445,15.266539,18.794445037841797
PRD0003,2025-01-13,0.83696485,17.756485,14.861554,17.756484985351562
PRD0003,2025-01-20,0.8048688,16.297894,13.117666,16.297893524169922
PRD0003,2025-01-27,0.7261005,11.415526,8.288819,11.415526390075684
PRD0003,2025-02-03,0.69377553,16.739752,11.61363,16.7397518157959
PRD0003,2025-02-10,0.4982592,13.227604,6.590775,0.0
PRD0003,2025-02-17,0.4477715,9.263481,4.1479225,0.0
PRD0003,2025-02-24,0.39809138,8.009002,3.1883144,0.0
PRD0003,2025-03-03,0.37703934,7.21521,2.720418,0.0
PRD0003,2025-03-10,0.3105572,6.4223795,1.9945161,0.0
PRD0003,2025-03-17,0.24425566,5.8046136,1.4178097,0.0
PRD0003,2025-03-24,0.16759679,5.3755717,0.90092856,0.0
PRD0003,2025-03-31,0.11551576,5.0065174,0.57833165,0.0
PRD0003,2025-04-07,0.0844315,4.4624405,0.37677053,0.0
PRD0003,2025-04-14,0.066625856,3.8586283,0.2570844,0.0
PRD0003,2025-04-21,0.055668913,3.4186616,0.19031318,0.0
PRD0003,2025-04-28,0.041987497,3.0908937,0.12977889,0.0
PRD0003,2025-05-05,0.035759833,2.7895603,0.09975421,0.0
PRD0003,2025-05-12,0.030466765,2.500112,0.076170325,0.0
PRD0003,2025-05-19,0.027053682,2.253475,0.060964797,0.0
PRD0003,2025-05-26,0.026113553,2.0607135,0.053812552,0.0
PRD0003,2025-06-02,0.025154987,1.8437519,0.046379555,0.0
PRD0003,2025-06-09,0.024975935,1.7465355,0.043621358,0.0
PRD0003,2025-06-16,0.02641275,1.660965,0.04387065,0.0
PRD0003,2025-06-23,0.028395869,1.571151,0.0446142,0.0
PRD0003,2025-06-30,0.028899733,1.4987099,0.043312315,0.0
PRD0003,2025-07-07,0.028934615,1.466208,0.042424165,0.0
PRD0003,2025-07-14,0.029938845,1.4185591,0.04247002,0.0
PRD0003,2025-07-21,0.034504637,1.398963,0.04827071,0.0
PRD0003,2025-07-28,0.036617268,1.4299886,0.052362278,0.0
PRD0003,2025-08-04,0.039497674,1.5293212,0.06040463,0.0
PRD0003,2025-08-11,0.04383164,1.6594782,0.07273765,0.0
PRD0003,2025-08-18,0.04972969,1.7991912,0.089473225,0.0
PRD0003,2025-08-25,0.057526596,1.9234455,0.11064927,0.0
PRD0004,2024-11-04,0.21618374,3.8749518,0.83770156,0.0
PRD0004,2024-11-11,0.21848777,3.9470954,0.86239207,0.0
PRD0004,2024-11-18,0.22312838,4.0163956,0.8961718,0.0
PRD0004,2024-11-25,0.22878814,4.0132976,0.9181949,0.0
PRD0004,2024-12-02,0.23377599,4.0481358,0.94635695,0.0
PRD0004,2024-12-09,0.23833387,4.017169,0.95742744,0.0
PRD0004,2024-12-16,0.24152209,3.9451895,0.9528504,0.0
PRD0004,2024-12-23,0.24380285,3.8455987,0.9375679,0.0
PRD0004,2024-12-30,0.24619249,3.7173533,0.91518444,0.0
PRD0004,2025-01-06,0.23499611,2.6289675,0.61779714,0.0
PRD0004,2025-01-13,0.24436863,2.2631326,0.5530386,0.0
PRD0004,2025-01-20,0.26088235,2.0814445,0.54301214,0.0
PRD0004,2025-01-27,0.2800116,2.1347098,0.5977435,0.0
PRD0004,2025-02-03,0.29780522,2.4760296,0.73737454,0.0
PRD0004,2025-02-10,0.31740096,2.8963382,0.91930056,0.0
PRD0004,2025-02-17,0.3365179,3.3018413,1.1111287,0.0
PRD0004,2025-02-24,0.35879016,3.6557431,1.3116447,0.0
PRD0004,2025-03-03,0.38285244,4.0148168,1.5370823,0.0
PRD0004,2025-03-10,0.4074165,4.2809615,1.7441343,0.0
PRD0004,2025-03-17,0.43041375,4.4957614,1.9350375,0.0
PRD0004,2025-03-24,0.47026607,4.6404047,2.182225,0.0
PRD0004,2025-03-31,0.45719954,4.5600734,2.0848634,0.0
PRD0004,2025-04-07,0.8265537,5.088239,4.205703,5.0882391929626465
PRD0004,2025-04-14,0.93120944,5.920543,5.5132656,5.920543193817139
PRD0004,2025-04-21,0.9668922,9.058241,8.758343,9.05824089050293
PRD0004,2025-04-28,0.9698468,8.814213,8.548436,8.814212799072266
PRD0004,2025-05-05,0.9617534,8.914071,8.573138,8.914071083068848
PRD0004,2025-05-12,0.96765995,11.179079,10.817547,11.179079055786133
PRD0004,2025-05-19,0.96050036,12.947508,12.436086,12.947507858276367
PRD0004,2025-05-26,0.96469736,11.473026,11.067998,11.473026275634766
PRD0004,2025-06-02,0.97432536,14.316617,13.949043,14.316617012023926
PRD0004,2025-06-09,0.9744388,15.064917,14.679839,15.064916610717773
PRD0004,2025-06-16,0.9708643,14.503921,14.081339,14.503920555114746
PRD0004,2025-06-23,0.9739457,14.926644,14.537741,14.926644325256348
PRD0004,2025-06-30,0.96779907,15.866945,15.356015,15.866945266723633
PRD0004,2025-07-07,0.96617573,17.484505,16.893105,17.48450469970703
PRD0004,2025-07-14,0.9312247,19.319784,17.99106,19.31978416442871
PRD0004,2025-07-21,0.9084228,12.265548,11.142303,12.265547752380371
PRD0004,2025-07-28,0.8680181,9.112169,7.909528,9.11216926574707
PRD0004,2025-08-04,0.90026706,13.710677,12.343271,13.710677146911621
PRD0004,2025-08-11,0.8548556,10.081166,8.617942,10.08116626739502
PRD0004,2025-08-18,0.94139314,13.125028,12.355811,13.125027656555176
PRD0004,2025-08-25,0.91847134,14.6008835,13.410493,14.600883483886719
PRD0005,2024-11-04,0.9012643,15.011349,13.529193,15.011348724365234
PRD0005,2024-11-11,0.891759,18.427782,16.43314,18.42778205871582
PRD0005,2024-11-18,0.8647266,18.046284,15.605102,18.046283721923828
PRD0005,2024-11-25,0.8246098,21.108734,17.40647,21.108734130859375
PRD0005,2024-12-02,0.7835586,16.256355,12.737807,16.25635528564453
PRD0005,2024-12-09,0.8040803,9.68971,7.7913046,9.689709663391113
PRD0005,2024-12-16,0.7766673,10.633414,8.258625,10.633414268493652
PRD0005,2024-12-23,0.7648746,8.685063,6.6429844,8.685063362121582
PRD0005,2024-12-30,0.68399584,6.7874546,4.6425905,6.787454605102539
PRD0005,2025-01-06,0.5818236,4.8928638,2.8467836,4.892863750457764
PRD0005,2025-01-13,0.51030385,4.1020617,2.093298,4.102061748504639
PRD0005,2025-01-20,0.4671875,3.6815424,1.7199706,0.0
PRD0005,2025-01-27,0.42502898,3.503294,1.4890015,0.0
PRD0005,2025-02-03,0.7510657,7.415472,5.5695066,7.415472030639648
PRD0005,2025-02-10,0.6161772,5.1566644,3.177419,5.1566643714904785
PRD0005,2025-02-17,0.6682711,7.480852,4.9992375,7.480852127075195
PRD0005,2025-02-24,0.65647364,7.197996,4.7252946,7.197996139526367
PRD0005,2025-03-03,0.57455397,6.28617,3.611744,6.28617000579834
PRD0005,2025-03-10,0.553462,5.8550615,3.2405543,5.8550615310668945
PRD0005,2025-03-17,0.5826,7.653596,4.458985,7.653595924377441
PRD0005,2025-03-24,0.8237353,8.994945,7.4094534,8.99494457244873
PRD0005,2025-03-31,0.7334076,7.481303,5.4868445,7.4813032150268555
PRD0005,2025-04-07,0.90796304,10.343186,9.391231,10.343186378479004
PRD0005,2025-04-14,0.8946916,11.288655,10.099865,11.288655281066895
PRD0005,2025-04-21,0.8375759,7.794297,6.5283155,7.794297218322754
PRD0005,2025-04-28,0.78724164,6.340146,4.991227,6.340146064758301
PRD0005,2025-05-05,0.91773146,9.027471,8.284794,9.027470588684082
PRD0005,2025-05-12,0.8181463,6.7238536,5.501096,6.723853588104248
PRD0005,2025-05-19,0.90304893,8.505249,7.680656,8.5052490234375
PRD0005,2025-05-26,0.98281044,12.533326,12.3178835,12.533326148986816
PRD0005,2025-06-02,0.9804929,9.383092,9.200055,9.383091926574707
PRD0005,2025-06-09,0.99049497,12.913011,12.790272,12.913010597229004
PRD0005,2025-06-16,0.9908831,16.096636,15.949884,16.096635818481445
PRD0005,2025-06-23,0.9876324,16.525455,16.321075,16.525455474853516
PRD0005,2025-06-30,0.9784586,20.474787,20.033731,20.47478675842285
PRD0005,2025-07-07,0.96863526,23.167023,22.440395,23.167022705078125
PRD0005,2025-07-14,0.9751833,18.416132,17.959105,18.4161319732666
PRD0005,2025-07-21,0.9741482,19.047804,18.555384,19.04780387878418
PRD0005,2025-07-28,0.9727006,20.11242,19.563362,20.11241912841797
PRD0005,2025-08-04,0.956048,29.181314,27.898737,29.18131446838379
PRD0005,2025-08-11,0.9773904,25.979809,25.392416,25.979808807373047
PRD0005,2025-08-18,0.9701996,23.215158,22.523336,23.215158462524414
PRD0005,2025-08-25,0.9526832,28.913189,27.545109,28.913188934326172
PRD0006,2024-11-04,0.22528303,3.7966762,0.8553267,0.0
PRD0006,2024-11-11,0.22262152,3.9135637,0.8712435,0.0
PRD0006,2024-11-18,0.21952894,3.972803,0.8721453,0.0
PRD0006,2024-11-25,0.22159065,3.9887786,0.883876,0.0
PRD0006,2024-12-02,0.22314228,4.033902,0.90013415,0.0
PRD0006,2024-12-09,0.2246941,4.0356913,0.90679604,0.0
PRD0006,2024-12-16,0.22798488,3.9730625,0.90579814,0.0
PRD0006,2024-12-23,0.22954363,3.875121,0.8895094,0.0
PRD0006,2024-12-30,0.6657406,4.849363,3.2284179,4.849362850189209
PRD0006,2025-01-06,0.42655647,3.1294641,1.3348932,0.0
PRD0006,2025-01-13,0.35766393,2.5425758,0.90938765,0.0
PRD0006,2025-01-20,0.328984,2.4109435,0.7931618,0.0
PRD0006,2025-01-27,0.32128477,2.4986758,0.80278647,0.0
PRD0006,2025-02-03,0.46051222,3.86657,1.7806027,0.0
PRD0006,2025-02-10,0.54689956,4.7096996,2.5757327,4.709699630737305
PRD0006,2025-02-17,0.4890154,4.3244314,2.1147137,0.0
PRD0006,2025-02-24,0.47522295,4.337061,2.061071,0.0
PRD0006,2025-03-03,0.4391568,4.400853,1.9326646,0.0
PRD0006,2025-03-10,0.43070558,4.3840213,1.8882225,0.0
PRD0006,2025-03-17,0.4322097,4.3878107,1.8964543,0.0
PRD0006,2025-03-24,0.4134645,4.418016,1.8266927,0.0
PRD0006,2025-03-31,0.3851084,4.3360314,1.6698421,0.0
PRD0006,2025-04-07,0.35138494,3.9595265,1.391318,0.0
PRD0006,2025-04-14,0.31080642,3.5693378,1.1093731,0.0
PRD0006,2025-04-21,0.2614393,3.213149,0.8400434,0.0
PRD0006,2025-04-28,0.17682928,2.8707495,0.50763255,0.0
PRD0006,2025-05-05,0.11004292,2.660649,0.29278558,0.0
PRD0006,2025-05-12,0.0781512,2.4172535,0.18891127,0.0
PRD0006,2025-05-19,0.059191596,2.1919265,0.12974362,0.0
PRD0006,2025-05-26,0.04810143,2.031242,0.09770564,0.0
PRD0006,2025-06-02,0.040249642,1.8903611,0.07608636,0.0
PRD0006,2025-06-09,0.03483385,1.7672083,0.061558668,0.0
PRD0006,2025-06-16,0.031575568,1.6481595,0.05204157,0.0
PRD0006,2025-06-23,0.029100012,1.5341485,0.044643737,0.0
PRD0006,2025-06-30,0.027745077,1.4567211,0.04041684,0.0
PRD0006,2025-07-07,0.027130954,1.4291961,0.038775455,0.0
PRD0006,2025-07-14,0.027905434,1.3858588,0.03867299,0.0
PRD0006,2025-07-21,0.030295815,1.366282,0.041392628,0.0
PRD0006,2025-07-28,0.032981597,1.3842297,0.045654103,0.0
PRD0006,2025-08-04,0.035947658,1.485661,0.053406034,0.0
PRD0006,2025-08-11,0.040023647,1.6174927,0.06473795,0.0
PRD0006,2025-08-18,0.045433667,1.7580361,0.07987403,0.0
PRD0006,2025-08-25,0.05259428,1.8838007,0.09907715,0.0
PRD0007,2024-11-04,0.49287468,5.4361706,2.6793509,0.0
PRD0007,2024-11-11,0.37141752,4.6267285,1.718448,0.0
PRD0007,2024-11-18,0.33978137,4.339135,1.4743574,0.0
PRD0007,2024-11-25,0.31166413,4.1659474,1.2983764,0.0
PRD0007,2024-12-02,0.2972192,4.03429,1.1990683,0.0
PRD0007,2024-12-09,0.28693277,4.0620217,1.1655271,0.0
PRD0007,2024-12-16,0.2722672,3.9785595,1.0832312,0.0
PRD0007,2024-12-23,0.26731214,3.881133,1.037474,0.0
PRD0007,2024-12-30,0.25647613,3.7411413,0.9595135,0.0
PRD0007,2025-01-06,0.22399633,2.5680254,0.5752283,0.0
PRD0007,2025-01-13,0.22345181,2.2232437,0.49678782,0.0
PRD0007,2025-01-20,0.22130562,2.1293337,0.47123352,0.0
PRD0007,2025-01-27,0.21293291,2.2070203,0.46994725,0.0
PRD0007,2025-02-03,0.20936374,2.6480174,0.55439883,0.0
PRD0007,2025-02-10,0.21593182,2.9929771,0.646279,0.0
PRD0007,2025-02-17,0.22283174,3.3071728,0.73694307,0.0
PRD0007,2025-02-24,0.23512588,3.6401072,0.8558834,0.0
PRD0007,2025-03-03,0.2484293,3.9589205,0.98351187,0.0
PRD0007,2025-03-10,0.26908872,4.236192,1.1399115,0.0
PRD0007,2025-03-17,0.2857174,4.460288,1.2743819,0.0
PRD0007,2025-03-24,0.31044152,4.599048,1.4277356,0.0
PRD0007,2025-03-31,0.29755956,4.5156417,1.3436724,0.0
PRD0007,2025-04-07,0.2685638,4.188511,1.1248825,0.0
PRD0007,2025-04-14,0.23370902,3.8288093,0.89482725,0.0
PRD0007,2025-04-21,0.21939594,3.4865808,0.7649417,0.0
PRD0007,2025-04-28,0.1690308,3.1611295,0.5343282,0.0
PRD0007,2025-05-05,0.12574533,2.8134725,0.353781,0.0
PRD0007,2025-05-12,0.0913473,2.5047085,0.22879836,0.0
PRD0007,2025-05-19,0.067768335,2.2498963,0.15247172,0.0
PRD0007,2025-05-26,0.05299359,2.0832376,0.11039824,0.0
PRD0007,2025-06-02,0.042894334,1.9312406,0.08283928,0.0
PRD0007,2025-06-09,0.03615516,1.7956538,0.064922154,0.0
PRD0007,2025-06-16,0.031544857,1.6788375,0.05295869,0.0
PRD0007,2025-06-23,0.028437652,1.5691869,0.04462399,0.0
PRD0007,2025-06-30,0.026739202,1.4917378,0.03988788,0.0
PRD0007,2025-07-07,0.025833571,1.4706957,0.037993323,0.0
PRD0007,2025-07-14,0.02637556,1.4239013,0.037556194,0.0
PRD0007,2025-07-21,0.027491283,1.405679,0.03864392,0.0
PRD0007,2025-07-28,0.029558925,1.4406836,0.04258506,0.0
PRD0007,2025-08-04,0.032161284,1.5395238,0.049513064,0.0
PRD0007,2025-08-11,0.035907555,1.6697161,0.059955426,0.0
PRD0007,2025-08-18,0.040784843,1.8087234,0.073768504,0.0
PRD0007,2025-08-25,0.04724905,1.9371765,0.09152975,0.0
PRD0008,2024-11-04,0.40415877,4.834941,1.9540838,0.0
PRD0008,2024-11-11,0.3106299,4.62927,1.4379897,0.0
PRD0008,2024-11-18,0.2925983,4.489183,1.3135273,0.0
PRD0008,2024-11-25,0.2827323,4.3830686,1.239235,0.0
PRD0008,2024-12-02,0.2781884,4.350205,1.2101766,0.0
PRD0008,2024-12-09,0.2777502,4.259774,1.1831532,0.0
PRD0008,2024-12-16,0.27796155,4.145939,1.1524116,0.0
PRD0008,2024-12-23,0.2716967,3.9939485,1.0851426,0.0
PRD0008,2024-12-30,0.71959805,4.902794,3.528041,4.902793884277344
PRD0008,2025-01-06,0.4914863,3.2645464,1.6044799,0.0
PRD0008,2025-01-13,0.4205537,2.6276102,1.1050513,0.0
PRD0008,2025-01-20,0.5391272,3.220909,1.7364796,3.2209091186523438
PRD0008,2025-01-27,0.44881105,2.9540467,1.3258089,0.0
PRD0008,2025-02-03,0.58547366,4.3387547,2.5402265,4.338754653930664
PRD0008,2025-02-10,0.52826095,4.037179,2.132684,4.037178993225098
PRD0008,2025-02-17,0.62959826,5.3374286,3.3604357,5.337428569793701
PRD0008,2025-02-24,0.7462754,6.1506195,4.5900564,6.1506195068359375
PRD0008,2025-03-03,0.66231275,5.457417,3.6145167,5.457417011260986
PRD0008,2025-03-10,0.6546011,5.3142323,3.4787023,5.314232349395752
PRD0008,2025-03-17,0.77419615,6.4196053,4.9700336,6.419605255126953
PRD0008,2025-03-24,0.7242261,5.7943707,4.1964345,5.794370651245117
PRD0008,2025-03-31,0.6855123,5.2648206,3.6090994,5.264820575714111
PRD0008,2025-04-07,0.63558155,4.609284,2.929576,4.609283924102783
PRD0008,2025-04-14,0.55548584,4.052785,2.2512646,4.0527849197387695
PRD0008,2025-04-21,0.48135588,3.5779748,1.7222792,0.0
PRD0008,2025-04-28,0.36027056,3.175376,1.1439945,0.0
PRD0008,2025-05-05,0.25845557,2.8422065,0.7345841,0.0
PRD0008,2025-05-12,0.17587182,2.5519059,0.44880834,0.0
PRD0008,2025-05-19,0.10428841,2.3362594,0.24364477,0.0
PRD0008,2025-05-26,0.07518619,2.1271007,0.1599286,0.0
PRD0008,2025-06-02,0.05966561,1.96332,0.117142685,0.0
PRD0008,2025-06-09,0.04774142,1.8164878,0.08672171,0.0
PRD0008,2025-06-16,0.042118285,1.6992311,0.071568705,0.0
PRD0008,2025-06-23,0.03897093,1.5879872,0.061885335,0.0
PRD0008,2025-06-30,0.037103288,1.51317,0.056143582,0.0
PRD0008,2025-07-07,0.036477286,1.4770558,0.053878985,0.0
PRD0008,2025-07-14,0.037374273,1.4264569,0.05331279,0.0
PRD0008,2025-07-21,0.03948304,1.4042847,0.05544543,0.0
PRD0008,2025-07-28,0.041784972,1.4418352,0.06024704,0.0
PRD0008,2025-08-04,0.044988405,1.5400281,0.06928341,0.0
PRD0008,2025-08-11,0.050724223,1.6661277,0.08451303,0.0
PRD0008,2025-08-18,0.057242744,1.8007143,0.10307782,0.0
PRD0008,2025-08-25,0.06592095,1.9206135,0.12660867,0.0
PRD0009,2024-11-04,0.73051643,6.09817,4.4548135,6.098169803619385
PRD0009,2024-11-11,0.72892636,6.2034593,4.521865,6.2034592628479
PRD0009,2024-11-18,0.76010334,7.0799932,5.3815265,7.07999324798584
PRD0009,2024-11-25,0.7757238,6.966241,5.403879,6.966240882873535
PRD0009,2024-12-02,0.8004892,6.9797525,5.5872164,6.979752540588379
PRD0009,2024-12-09,0.84631515,7.3732653,6.240106,7.373265266418457
PRD0009,2024-12-16,0.8789615,8.289028,7.2857366,8.28902816772461
PRD0009,2024-12-23,0.8833724,8.345866,7.372508,8.345866203308105
PRD0009,2024-12-30,0.87660027,10.278307,9.009967,10.27830696105957
PRD0009,2025-01-06,0.8745181,7.9141846,6.9210978,7.9141845703125
PRD0009,2025-01-13,0.80598885,5.714,4.6054206,5.714000225067139
PRD0009,2025-01-20,0.767689,6.8590465,5.2656145,6.859046459197998
PRD0009,2025-01-27,0.8269914,10.696189,8.845656,10.696188926696777
PRD0009,2025-02-03,0.75137067,13.4092245,10.075298,13.409224510192871
PRD0009,2025-02-10,0.65564424,9.169266,6.0117764,9.169265747070312
PRD0009,2025-02-17,0.5166317,7.1088285,3.6726463,7.108828544616699
PRD0009,2025-02-24,0.44255948,6.0545483,2.6794977,0.0
PRD0009,2025-03-03,0.39174792,5.8549123,2.2936497,0.0
PRD0009,2025-03-10,0.3198273,5.2984715,1.6945958,0.0
PRD0009,2025-03-17,0.2803917,4.986393,1.3981432,0.0
PRD0009,2025-03-24,0.23099747,4.6566987,1.0756856,0.0
PRD0009,2025-03-31,0.19929928,4.3369646,0.8643539,0.0
PRD0009,2025-04-07,0.17820297,3.9115558,0.69705087,0.0
PRD0009,2025-04-14,0.15222381,3.449829,0.5251461,0.0
PRD0009,2025-04-21,0.11923315,3.1739564,0.3784408,0.0
PRD0009,2025-04-28,0.06901154,2.9510236,0.20365468,0.0
PRD0009,2025-05-05,0.04727451,2.733515,0.12922558,0.0
PRD0009,2025-05-12,0.03845336,2.449859,0.094205305,0.0
PRD0009,2025-05-19,0.033454914,2.2027016,0.07369119,0.0
PRD0009,2025-05-26,0.031714637,2.0070474,0.063652776,0.0
PRD0009,2025-06-02,0.030645404,1.808156,0.05541167,0.0
PRD0009,2025-06-09,0.02874196,1.6894457,0.04855798,0.0
PRD0009,2025-06-16,0.028487584,1.5961728,0.045471106,0.0
PRD0009,2025-06-23,0.027586618,1.5007393,0.041400325,0.0
PRD0009,2025-06-30,0.027018845,1.4383712,0.03886313,0.0
PRD0009,2025-07-07,0.027366528,1.4303734,0.039144356,0.0
PRD0009,2025-07-14,0.02901597,1.3893659,0.0403138,0.0
PRD0009,2025-07-21,0.03509091,1.367749,0.047995552,0.0
PRD0009,2025-07-28,0.037312787,1.4053037,0.052435797,0.0
PRD0009,2025-08-04,0.04025476,1.5081737,0.06071117,0.0
PRD0009,2025-08-11,0.044610467,1.6383471,0.07308743,0.0
PRD0009,2025-08-18,0.050445143,1.7797382,0.089779146,0.0
PRD0009,2025-08-25,0.058274623,1.9037654,0.11094122,0.0
PRD0010,2024-11-04,0.8218889,6.270935,5.154012,6.27093505859375
PRD0010,2024-11-11,0.8108994,6.436504,5.219357,6.436503887176514
PRD0010,2024-11-18,0.7048222,4.8927393,3.4485111,4.892739295959473
PRD0010,2024-11-25,0.8764905,6.4725385,5.673118,6.472538471221924
PRD0010,2024-12-02,0.7773846,5.196575,4.039737,5.196575164794922
PRD0010,2024-12-09,0.7908157,6.0306168,4.7691064,6.030616760253906
PRD0010,2024-12-16,0.7987795,6.2301397,4.9765077,6.23013973236084
PRD0010,2024-12-23,0.81431353,6.2989492,5.1293197,6.298949241638184
PRD0010,2024-12-30,0.8291267,6.315203,5.2361035,6.3152031898498535
PRD0010,2025-01-06,0.7399994,3.8295693,2.833879,3.8295693397521973
PRD0010,2025-01-13,0.7169055,3.9118204,2.8044055,3.911820411682129
PRD0010,2025-01-20,0.8666943,6.3495426,5.5031123,6.349542617797852
PRD0010,2025-01-27,0.69461155,4.6561913,3.2342443,4.656191349029541
PRD0010,2025-02-03,0.8309764,7.779231,6.464358,7.779231071472168
PRD0010,2025-02-10,0.8012373,7.6095724,6.097073,7.609572410583496
PRD0010,2025-02-17,0.6749696,5.401991,3.6461797,5.40199089050293
PRD0010,2025-02-24,0.6206734,4.7495217,2.947902,4.749521732330322
PRD0010,2025-03-03,0.5820192,4.587722,2.6701422,4.587721824645996
PRD0010,2025-03-10,0.5613832,4.4206395,2.4816728,4.420639514923096
PRD0010,2025-03-17,0.5515485,4.3929257,2.4229114,4.39292573928833
PRD0010,2025-03-24,0.76702785,5.8697844,4.502288,5.869784355163574
PRD0010,2025-03-31,0.7177608,5.0109544,3.5966666,5.0109543800354
PRD0010,2025-04-07,0.8776152,5.836589,5.122279,5.8365888595581055
PRD0010,2025-04-14,0.81048465,4.813975,3.9016528,4.813974857330322
PRD0010,2025-04-21,0.8955017,5.518159,4.9415207,5.518158912658691
PRD0010,2025-04-28,0.95919,6.599994,6.3306484,6.59999418258667
PRD0010,2025-05-05,0.95734787,7.0209036,6.721447,7.020903587341309
PRD0010,2025-05-12,0.9709403,7.125675,6.9186053,7.125675201416016
PRD0010,2025-05-19,0.97809225,7.226139,7.0678306,7.226139068603516
PRD0010,2025-05-26,0.98245525,7.167721,7.041965,7.167720794677734
PRD0010,2025-06-02,0.9805332,6.5934772,6.465123,6.593477249145508
PRD0010,2025-06-09,0.9901148,8.67468,8.588929,8.67467975616455
PRD0010,2025-06-16,0.9897889,8.55979,8.472384,8.559789657592773
PRD0010,2025-06-23,0.98359936,7.296528,7.1768603,7.296527862548828
PRD0010,2025-06-30,0.9870895,8.255487,8.148905,8.255487442016602
PRD0010,2025-07-07,0.97820836,7.6596746,7.492758,7.659674644470215
PRD0010,2025-07-14,0.9794023,7.7126713,7.553808,7.712671279907227
PRD0010,2025-07-21,0.9806783,8.010068,7.8553,8.0100679397583
PRD0010,2025-07-28,0.9806746,9.137324,8.960742,9.137324333190918
PRD0010,2025-08-04,0.9775041,11.300692,11.046473,11.300691604614258
PRD0010,2025-08-11,0.97569484,10.386372,10.133929,10.386371612548828
PRD0010,2025-08-18,0.9685406,9.495696,9.196967,9.495696067810059
PRD0010,2025-08-25,0.94102687,6.7330246,6.335957,6.733024597167969
PRD0011,2024-11-04,0.20366184,1.3570108,0.27637133,0.0
PRD0011,2024-11-11,0.20402838,1.3827295,0.28211606,0.0
PRD0011,2024-11-18,0.20596792,1.4066238,0.28971937,0.0
PRD0011,2024-11-25,0.20900404,1.4238853,0.2975978,0.0
PRD0011,2024-12-02,0.21314672,1.4616418,0.31154415,0.0
PRD0011,2024-12-09,0.21685354,1.4965131,0.32452416,0.0
PRD0011,2024-12-16,0.48080304,2.6164644,1.2580041,0.0
PRD0011,2024-12-23,0.4740356,3.0511818,1.4463688,0.0
PRD0011,2024-12-30,0.40764588,2.6572397,1.0832129,0.0
PRD0011,2025-01-06,0.31899843,2.172933,0.69316226,0.0
PRD0011,2025-01-13,0.282065,1.6995902,0.4793949,0.0
PRD0011,2025-01-20,0.28412768,1.53844,0.43711337,0.0
PRD0011,2025-01-27,0.30425286,1.6954298,0.5158394,0.0
PRD0011,2025-02-03,0.33184817,2.120254,0.70360243,0.0
PRD0011,2025-02-10,0.50579274,3.5555053,1.7983488,3.5555052757263184
PRD0011,2025-02-17,0.6128124,4.5898123,2.8126938,4.589812278747559
PRD0011,2025-02-24,0.7291344,5.756307,4.1971216,5.756307125091553
PRD0011,2025-03-03,0.65916467,5.177548,3.4128566,5.177547931671143
PRD0011,2025-03-10,0.62894404,5.1599746,3.2453353,5.159974575042725
PRD0011,2025-03-17,0.7492676,6.3248267,4.7389874,6.324826717376709
PRD0011,2025-03-24,0.69804716,5.862255,4.0921307,5.862255096435547
PRD0011,2025-03-31,0.6568228,5.3000855,3.4812171,5.300085544586182
PRD0011,2025-04-07,0.60209453,4.661366,2.806583,4.661365985870361
PRD0011,2025-04-14,0.5158689,4.0883107,2.1090324,4.088310718536377
PRD0011,2025-04-21,0.44022533,3.5544634,1.5647649,0.0
PRD0011,2025-04-28,0.3547511,3.1500373,1.1174792,0.0
PRD0011,2025-05-05,0.25043356,2.7911499,0.6989976,0.0
PRD0011,2025-05-12,0.16783401,2.504513,0.42034248,0.0
PRD0011,2025-05-19,0.09998613,2.2994916,0.22991727,0.0
PRD0011,2025-05-26,0.070909664,2.0880446,0.14806254,0.0
PRD0011,2025-06-02,0.057593085,1.92748,0.111009516,0.0
PRD0011,2025-06-09,0.045975696,1.7939241,0.08247691,0.0
PRD0011,2025-06-16,0.03946094,1.686542,0.066552535,0.0
PRD0011,2025-06-23,0.036434576,1.5765154,0.05743967,0.0
PRD0011,2025-06-30,0.034721658,1.5058041,0.052284013,0.0
PRD0011,2025-07-07,0.034180157,1.4864347,0.05080657,0.0
PRD0011,2025-07-14,0.7055386,2.8178601,1.988109,2.8178601264953613
PRD0011,2025-07-21,0.60910404,3.482523,2.1212187,3.482522964477539
PRD0011,2025-07-28,0.37808475,2.7972107,1.0575827,0.0
PRD0011,2025-08-04,0.29089248,2.435051,0.708338,0.0
PRD0011,2025-08-11,0.2573913,2.244941,0.5778283,0.0
PRD0011,2025-08-18,0.20946223,2.2052581,0.46191826,0.0
PRD0011,2025-08-25,0.18608542,2.2463186,0.41800714,0.0
PRD0012,2024-11-04,0.18636338,4.1643257,0.7760778,0.0
PRD0012,2024-11-11,0.4416142,5.893044,2.602452,0.0
PRD0012,2024-11-18,0.4801554,6.1628118,2.9591074,0.0
PRD0012,2024-11-25,0.37484613,4.631893,1.7362472,0.0
PRD0012,2024-12-02,0.3498487,4.2784457,1.4968086,0.0
PRD0012,2024-12-09,0.33514872,3.991211,1.3376492,0.0
PRD0012,2024-12-16,0.32410392,3.8732715,1.2553425,0.0
PRD0012,2024-12-23,0.30871543,3.8746958,1.1961784,0.0
PRD0012,2024-12-30,0.30468318,3.797523,1.1570414,0.0
PRD0012,2025-01-06,0.2922947,2.6206515,0.7660026,0.0
PRD0012,2025-01-13,0.29313803,2.2422593,0.6572915,0.0
PRD0012,2025-01-20,0.30091044,2.1645818,0.65134525,0.0
PRD0012,2025-01-27,0.31490064,2.3627727,0.74403864,0.0
PRD0012,2025-02-03,0.294157,2.6605613,0.78262275,0.0
PRD0012,2025-02-10,0.2621942,2.9999647,0.7865733,0.0
PRD0012,2025-02-17,0.2469376,3.4142265,0.8431009,0.0
PRD0012,2025-02-24,0.25144637,3.6197014,0.9101608,0.0
PRD0012,2025-03-03,0.2604754,3.8376827,0.9996219,0.0
PRD0012,2025-03-10,0.27084124,4.145238,1.1227014,0.0
PRD0012,2025-03-17,0.28544265,4.3697224,1.2473052,0.0
PRD0012,2025-03-24,0.2998464,4.5150595,1.3538244,0.0
PRD0012,2025-03-31,0.2800995,4.4467177,1.2455235,0.0
PRD0012,2025-04-07,0.2503407,4.1333594,1.0347481,0.0
PRD0012,2025-04-14,0.2146414,3.788126,0.8130887,0.0
PRD0012,2025-04-21,0.17264341,3.4452853,0.5948058,0.0
PRD0012,2025-04-28,0.164359,3.1452532,0.51695067,0.0
PRD0012,2025-05-05,0.15784751,2.8135679,0.44411469,0.0
PRD0012,2025-05-12,0.11543952,2.510062,0.28976035,0.0
PRD0012,2025-05-19,0.086007774,2.2608383,0.19444966,0.0
PRD0012,2025-05-26,0.06699182,2.0951793,0.14035988,0.0
PRD0012,2025-06-02,0.05376938,1.9324865,0.103908606,0.0
PRD0012,2025-06-09,0.045384586,1.7923205,0.081343725,0.0
PRD0012,2025-06-16,0.039613094,1.6736217,0.06629733,0.0
PRD0012,2025-06-23,0.035726912,1.5696278,0.056077953,0.0
PRD0012,2025-06-30,0.033627775,1.5046232,0.050597128,0.0
PRD0012,2025-07-07,0.032476824,1.4902012,0.048397005,0.0
PRD0012,2025-07-14,0.033116467,1.4478338,0.04794714,0.0
PRD0012,2025-07-21,0.03427579,1.4289403,0.048978057,0.0
PRD0012,2025-07-28,0.036703646,1.4714892,0.05400902,0.0
PRD0012,2025-08-04,0.03976896,1.5992756,0.06360153,0.0
PRD0012,2025-08-11,0.0441152,1.7327483,0.076440535,0.0
PRD0012,2025-08-18,0.05004942,1.8767426,0.09392988,0.0
PRD0012,2025-08-25,0.057893407,2.0088658,0.11630008,0.0
PRD0013,2024-11-04,0.2152849,4.101122,0.8829096,0.0
PRD0013,2024-11-11,0.22275262,4.1989093,0.93531805,0.0
PRD0013,2024-11-18,0.22991562,4.242517,0.9754209,0.0
PRD0013,2024-11-25,0.23611028,4.2312546,0.99904275,0.0
PRD0013,2024-12-02,0.36472708,5.06058,1.8457305,0.0
PRD0013,2024-12-09,0.29610357,4.678064,1.3851914,0.0
PRD0013,2024-12-16,0.48712128,5.881976,2.8652358,0.0
PRD0013,2024-12-23,0.52460015,6.0396576,3.1684053,6.0396575927734375
PRD0013,2024-12-30,0.43231747,5.067311,2.190687,0.0
PRD0013,2025-01-06,0.6554309,4.9950786,3.2739289,4.9950785636901855
PRD0013,2025-01-13,0.52666795,3.1239014,1.6452588,3.1239013671875
PRD0013,2025-01-20,0.6047549,3.4876604,2.1091797,3.4876604080200195
PRD0013,2025-01-27,0.6514852,4.180072,2.723255,4.180071830749512
PRD0013,2025-02-03,0.6902759,4.9095116,3.3889174,4.909511566162109
PRD0013,2025-02-10,0.5972554,4.001447,2.389886,4.0014472007751465
PRD0013,2025-02-17,0.56698376,3.852222,2.1841474,3.852221965789795
PRD0013,2025-02-24,0.539512,3.8852801,2.0961552,3.885280132293701
PRD0013,2025-03-03,0.5170493,4.0254855,2.0813744,4.025485515594482
PRD0013,2025-03-10,0.49501246,4.0852284,2.022239,0.0
PRD0013,2025-03-17,0.48106632,4.2658277,2.052146,0.0
PRD0013,2025-03-24,0.48074362,4.333241,2.083178,0.0
PRD0013,2025-03-31,0.41947106,4.052721,1.6999992,0.0
PRD0013,2025-04-07,0.3664009,3.8714657,1.4185085,0.0
PRD0013,2025-04-14,0.3191963,3.545405,1.1316801,0.0
PRD0013,2025-04-21,0.24162272,3.1989493,0.77293885,0.0
PRD0013,2025-04-28,0.17296115,2.9972277,0.51840395,0.0
PRD0013,2025-05-05,0.13051791,2.7202098,0.3550361,0.0
PRD0013,2025-05-12,0.100694045,2.4603376,0.24774136,0.0
PRD0013,2025-05-19,0.0803875,2.237839,0.17989428,0.0
PRD0013,2025-05-26,0.065964594,2.0788867,0.13713293,0.0
PRD0013,2025-06-02,0.057659235,1.9386678,0.111782104,0.0
PRD0013,2025-06-09,0.05060544,1.8111963,0.09165639,0.0
PRD0013,2025-06-16,0.04523905,1.6936324,0.07661832,0.0
PRD0013,2025-06-23,0.043770526,1.5795896,0.069139466,0.0
PRD0013,2025-06-30,0.041454222,1.5074155,0.06248874,0.0
PRD0013,2025-07-07,0.040413078,1.4768138,0.059682593,0.0
PRD0013,2025-07-14,0.041880537,1.4302645,0.059900243,0.0
PRD0013,2025-07-21,0.043444827,1.4007728,0.06085633,0.0
PRD0013,2025-07-28,0.045630883,1.4391463,0.065669514,0.0
PRD0013,2025-08-04,0.04882499,1.5578878,0.07606386,0.0
PRD0013,2025-08-11,0.05363976,1.6933584,0.09083134,0.0
PRD0013,2025-08-18,0.060248487,1.8375297,0.11070838,0.0
PRD0013,2025-08-25,0.069178544,1.9648888,0.13592815,0.0
PRD0014,2024-11-04,0.20077647,4.105955,0.8243792,0.0
PRD0014,2024-11-11,0.20905916,4.197752,0.8775785,0.0
PRD0014,2024-11-18,0.21536553,4.24135,0.91344064,0.0
PRD0014,2024-11-25,0.2212454,4.230089,0.93588775,0.0
PRD0014,2024-12-02,0.22651477,4.2597113,0.9648875,0.0
PRD0014,2024-12-09,0.35454166,5.1209273,1.815582,0.0
PRD0014,2024-12-16,0.4334788,5.651644,2.449868,0.0
PRD0014,2024-12-23,0.49935558,6.021939,3.0070887,0.0
PRD0014,2024-12-30,0.4046071,5.0610805,2.047749,0.0
PRD0014,2025-01-06,0.5085795,4.242429,2.1576123,4.242428779602051
PRD0014,2025-01-13,0.407732,2.9299994,1.1946546,0.0
PRD0014,2025-01-20,0.38615927,2.3937893,0.92438394,0.0
PRD0014,2025-01-27,0.7440936,4.3005967,3.2000465,4.300596714019775
PRD0014,2025-02-03,0.6913397,5.0119534,3.4649622,5.011953353881836
PRD0014,2025-02-10,0.5983534,4.2307467,2.5314817,4.230746746063232
PRD0014,2025-02-17,0.5583489,4.212788,2.3522055,4.212788105010986
PRD0014,2025-02-24,0.6660725,5.1955895,3.4606392,5.195589542388916
PRD0014,2025-03-03,0.5881132,4.6468916,2.7328982,4.6468915939331055
PRD0014,2025-03-10,0.56935525,4.676716,2.6627128,4.676715850830078
PRD0014,2025-03-17,0.5453072,4.633451,2.5266542,4.633450984954834
PRD0014,2025-03-24,0.7767919,4.9976554,3.882138,4.997655391693115
PRD0014,2025-03-31,0.699916,4.973725,3.4811897,4.973724842071533
PRD0014,2025-04-07,0.8200223,5.614092,4.6036806,5.614091873168945
PRD0014,2025-04-14,0.7308568,4.366966,3.1916265,4.3669657707214355
PRD0014,2025-04-21,0.6389034,3.7321553,2.3844867,3.7321553230285645
PRD0014,2025-04-28,0.502356,3.2242875,1.6197401,3.224287509918213
PRD0014,2025-05-05,0.36618385,2.8341715,1.0378278,0.0
PRD0014,2025-05-12,0.25569993,2.468862,0.6312879,0.0
PRD0014,2025-05-19,0.16331449,2.247751,0.3670903,0.0
PRD0014,2025-05-26,0.11516684,2.0551786,0.23668844,0.0
PRD0014,2025-06-02,0.083065726,1.9102521,0.15867648,0.0
PRD0014,2025-06-09,0.063857146,1.7761762,0.113421544,0.0
PRD0014,2025-06-16,0.044608016,1.7034831,0.075989,0.0
PRD0014,2025-06-23,0.03997701,1.5787768,0.06311478,0.0
PRD0014,2025-06-30,0.03600066,1.512172,0.05443919,0.0
PRD0014,2025-07-07,0.034737896,1.4681723,0.051001217,0.0
PRD0014,2025-07-14,0.03585444,1.4272671,0.051173862,0.0
PRD0014,2025-07-21,0.037857797,1.4054732,0.05320812,0.0
PRD0014,2025-07-28,0.04038955,1.4406333,0.058186527,0.0
PRD0014,2025-08-04,0.043443985,1.5610747,0.067819305,0.0
PRD0014,2025-08-11,0.048543386,1.697362,0.082395695,0.0
PRD0014,2025-08-18,0.054790594,1.8425722,0.10095563,0.0
PRD0014,2025-08-25,0.06305442,1.9656587,0.12394347,0.0
PRD0015,2024-11-04,0.19323863,3.99304,0.7716096,0.0
PRD0015,2024-11-11,0.20210661,4.089374,0.8264895,0.0
PRD0015,2024-11-18,0.20965156,4.132063,0.86629343,0.0
PRD0015,2024-11-25,0.21531256,4.121038,0.8873112,0.0
PRD0015,2024-12-02,0.22053814,4.1534166,0.9159868,0.0
PRD0015,2024-12-09,0.22530617,4.11495,0.92712367,0.0
PRD0015,2024-12-16,0.22884345,4.0382285,0.92412215,0.0
PRD0015,2024-12-23,0.23122706,3.9373355,0.9104185,0.0
PRD0015,2024-12-30,0.23358798,3.810295,0.89003915,0.0
PRD0015,2025-01-06,0.3554799,3.4835525,1.2383329,0.0
PRD0015,2025-01-13,0.28596628,2.5673296,0.7341697,0.0
PRD0015,2025-01-20,0.2913401,2.315368,0.67455953,0.0
PRD0015,2025-01-27,0.3019506,2.3107264,0.69772524,0.0
PRD0015,2025-02-03,0.30829245,2.6204011,0.8078499,0.0
PRD0015,2025-02-10,0.32296234,2.9719129,0.9598159,0.0
PRD0015,2025-02-17,0.33878583,3.3399239,1.1315188,0.0
PRD0015,2025-02-24,0.3590747,3.6597815,1.314135,0.0
PRD0015,2025-03-03,0.38020322,3.9594202,1.5053843,0.0
PRD0015,2025-03-10,0.3989482,4.216805,1.6822867,0.0
PRD0015,2025-03-17,0.4180767,4.425569,1.8502272,0.0
PRD0015,2025-03-24,0.45223087,4.54505,2.055412,0.0
PRD0015,2025-03-31,0.41957995,4.4602814,1.8714447,0.0
PRD0015,2025-04-07,0.3842178,4.1557713,1.5967213,0.0
PRD0015,2025-04-14,0.34040847,3.7971768,1.2925912,0.0
PRD0015,2025-04-21,0.2820519,3.4486098,0.97268695,0.0
PRD0015,2025-04-28,0.22251114,3.1284904,0.69612396,0.0
PRD0015,2025-05-05,0.16751055,2.7841234,0.46637005,0.0
PRD0015,2025-05-12,0.12289553,2.47152,0.30373874,0.0
PRD0015,2025-05-19,0.09136468,2.2254312,0.20332581,0.0
PRD0015,2025-05-26,0.071085125,2.054355,0.14603408,0.0
PRD0015,2025-06-02,0.056850914,1.9161687,0.108935945,0.0
PRD0015,2025-06-09,0.048097827,1.7905688,0.08612247,0.0
PRD0015,2025-06-16,0.042063337,1.6818583,0.070744574,0.0
PRD0015,2025-06-23,0.03840322,1.5658095,0.060132127,0.0
PRD0015,2025-06-30,0.03614346,1.4909954,0.053889733,0.0
PRD0015,2025-07-07,0.03488265,1.4528072,0.050677765,0.0
PRD0015,2025-07-14,0.035447735,1.3966255,0.049507212,0.0
PRD0015,2025-07-21,0.036633026,1.3740003,0.05033379,0.0
PRD0015,2025-07-28,0.038833417,1.409323,0.05472883,0.0
PRD0015,2025-08-04,0.04181978,1.5122461,0.0632418,0.0
PRD0015,2025-08-11,0.046226688,1.6433597,0.07596707,0.0
PRD0015,2025-08-18,0.052256472,1.7837594,0.09321297,0.0
PRD0015,2025-08-25,0.06042532,1.903744,0.115034334,0.0
PRD0016,2024-11-04,0.19293533,4.0730195,0.78582937,0.0
PRD0016,2024-11-11,0.2010968,4.173689,0.8393155,0.0
PRD0016,2024-11-18,0.2086406,4.222329,0.8809493,0.0
PRD0016,2024-11-25,0.21495333,4.208503,0.9046317,0.0
PRD0016,2024-12-02,0.22009902,4.231799,0.93141484,0.0
PRD0016,2024-12-09,0.22473122,4.186402,0.9408152,0.0
PRD0016,2024-12-16,0.22829677,4.108609,0.9379822,0.0
PRD0016,2024-12-23,0.2305461,4.014936,0.9256278,0.0
PRD0016,2024-12-30,0.23280351,3.8858986,0.9046508,0.0
PRD0016,2025-01-06,0.22457913,2.765966,0.6211782,0.0
PRD0016,2025-01-13,0.23104195,2.3705747,0.5477022,0.0
PRD0016,2025-01-20,0.24743658,2.1814375,0.53976744,0.0
PRD0016,2025-01-27,0.26641196,2.1765633,0.5798625,0.0
PRD0016,2025-02-03,0.4350005,3.5427551,1.5411003,0.0
PRD0016,2025-02-10,0.40227136,3.4336858,1.3812735,0.0
PRD0016,2025-02-17,0.405775,3.7290268,1.5131459,0.0
PRD0016,2025-02-24,0.4179183,3.9379706,1.6457499,0.0
PRD0016,2025-03-03,0.4021905,4.1276507,1.6601019,0.0
PRD0016,2025-03-10,0.4224427,4.288363,1.8115877,0.0
PRD0016,2025-03-17,0.4335073,4.4349585,1.9225868,0.0
PRD0016,2025-03-24,0.45547163,4.5028157,2.0509048,0.0
PRD0016,2025-03-31,0.44090515,4.3802257,1.931264,0.0
PRD0016,2025-04-07,0.7041979,5.184478,3.6508982,5.184477806091309
PRD0016,2025-04-14,0.57281244,4.1703777,2.3888443,4.170377731323242
PRD0016,2025-04-21,0.48458624,3.664917,1.7759683,0.0
PRD0016,2025-04-28,0.3326516,3.1980495,1.0638362,0.0
PRD0016,2025-05-05,0.2126328,2.9105012,0.61886805,0.0
PRD0016,2025-05-12,0.1476157,2.5881133,0.38204616,0.0
PRD0016,2025-05-19,0.10364113,2.3169215,0.24012835,0.0
PRD0016,2025-05-26,0.078046024,2.145425,0.16744189,0.0
PRD0016,2025-06-02,0.060063194,1.9773691,0.118767105,0.0
PRD0016,2025-06-09,0.049185608,1.8294573,0.08998297,0.0
PRD0016,2025-06-16,0.042136323,1.6957977,0.07145468,0.0
PRD0016,2025-06-23,0.03748548,1.5676193,0.058762964,0.0
PRD0016,2025-06-30,0.033318404,1.5099666,0.050309677,0.0
PRD0016,2025-07-07,0.031964973,1.4853642,0.047479626,0.0
PRD0016,2025-07-14,0.032765172,1.4322507,0.046927944,0.0
PRD0016,2025-07-21,0.035426352,1.3975039,0.049508464,0.0
PRD0016,2025-07-28,0.03785505,1.4228036,0.053860307,0.0
PRD0016,2025-08-04,0.040856443,1.5391934,0.06288597,0.0
PRD0016,2025-08-11,0.04528593,1.6778843,0.07598455,0.0
PRD0016,2025-08-18,0.05133364,1.8199296,0.09342361,0.0
PRD0016,2025-08-25,0.059220374,1.9466293,0.115280114,0.0
PRD0017,2024-11-04,0.18984029,4.033093,0.76564354,0.0
PRD0017,2024-11-11,0.19799869,4.1263433,0.8170105,0.0
PRD0017,2024-11-18,0.20523594,4.169343,0.85569906,0.0
PRD0017,2024-11-25,0.21199729,4.1582375,0.88153505,0.0
PRD0017,2024-12-02,0.2180383,4.1908503,0.9137659,0.0
PRD0017,2024-12-09,0.22252084,4.1579576,0.92523223,0.0
PRD0017,2024-12-16,0.22651188,4.080591,0.9243024,0.0
PRD0017,2024-12-23,0.22888628,3.9777284,0.9104474,0.0
PRD0017,2024-12-30,0.23231535,3.8370585,0.8914076,0.0
PRD0017,2025-01-06,0.2238417,2.7160256,0.6079598,0.0
PRD0017,2025-01-13,0.2290487,2.3318388,0.53410465,0.0
PRD0017,2025-01-20,0.24561942,2.1567354,0.5297361,0.0
PRD0017,2025-01-27,0.26557052,2.1298785,0.56563294,0.0
PRD0017,2025-02-03,0.43257508,3.4794655,1.50513,0.0
PRD0017,2025-02-10,0.5367683,4.415703,2.3702095,4.415702819824219
PRD0017,2025-02-17,0.6114353,5.2680717,3.2210848,5.26807165145874
PRD0017,2025-02-24,0.5554295,4.756957,2.6421545,4.756957054138184
PRD0017,2025-03-03,0.51668906,4.8769803,2.5198824,4.876980304718018
PRD0017,2025-03-10,0.50008655,4.8475933,2.4242163,4.847593307495117
PRD0017,2025-03-17,0.8119567,7.466157,6.0621963,7.466156959533691
PRD0017,2025-03-24,0.8350959,8.204566,6.851599,8.20456600189209
PRD0017,2025-03-31,0.91243005,11.554479,10.542653,11.554478645324707
PRD0017,2025-04-07,0.9166529,10.978516,10.063488,10.978515625
PRD0017,2025-04-14,0.83666575,8.436704,7.058701,8.4367036819458
PRD0017,2025-04-21,0.7668891,6.9529624,5.332151,6.952962398529053
PRD0017,2025-04-28,0.5879626,6.0458093,3.55471,6.045809268951416
PRD0017,2025-05-05,0.4616769,4.754012,2.1948175,0.0
PRD0017,2025-05-12,0.32061565,3.778036,1.2112975,0.0
PRD0017,2025-05-19,0.2245672,2.9877408,0.67094857,0.0
PRD0017,2025-05-26,0.15785751,2.5207071,0.39791253,0.0
PRD0017,2025-06-02,0.112443544,2.2196124,0.24958108,0.0
PRD0017,2025-06-09,0.07386223,2.0285258,0.14983144,0.0
PRD0017,2025-06-16,0.053317722,1.8322821,0.09769311,0.0
PRD0017,2025-06-23,0.031966865,2.0157228,0.06443634,0.0
PRD0017,2025-06-30,0.023492886,1.6508727,0.038783763,0.0
PRD0017,2025-07-07,0.022743901,1.5116944,0.03438183,0.0
PRD0017,2025-07-14,0.023912653,1.470551,0.035164777,0.0
PRD0017,2025-07-21,0.026312022,1.4401686,0.037893746,0.0
PRD0017,2025-07-28,0.028776675,1.4513555,0.041765183,0.0
PRD0017,2025-08-04,0.03161719,1.564553,0.04946677,0.0
PRD0017,2025-08-11,0.034888495,1.6707835,0.058291122,0.0
PRD0017,2025-08-18,0.03907968,1.8003068,0.070355415,0.0
PRD0017,2025-08-25,0.044648483,1.927408,0.086055845,0.0
PRD0018,2024-11-04,0.20006505,4.0445504,0.80917317,0.0
PRD0018,2024-11-11,0.20845018,4.135244,0.86199236,0.0
PRD0018,2024-11-18,0.21535833,4.1783175,0.89983547,0.0
PRD0018,2024-11-25,0.22131607,4.167193,0.9222668,0.0
PRD0018,2024-12-02,0.2265867,4.199863,0.9516331,0.0
PRD0018,2024-12-09,0.23113108,4.167305,0.9631937,0.0
PRD0018,2024-12-16,0.23504828,4.091504,0.961701,0.0
PRD0018,2024-12-23,0.23768808,3.9899998,0.9483754,0.0
PRD0018,2024-12-30,0.24081354,3.8562431,0.92863554,0.0
PRD0018,2025-01-06,0.23084034,2.7043674,0.6242771,0.0
PRD0018,2025-01-13,0.2389067,2.3251462,0.555493,0.0
PRD0018,2025-01-20,0.25672856,2.1405501,0.54954034,0.0
PRD0018,2025-01-27,0.2783937,2.1531932,0.5994354,0.0
PRD0018,2025-02-03,0.29549798,2.4759846,0.73164845,0.0
PRD0018,2025-02-10,0.5444634,4.0552974,2.207961,4.055297374725342
PRD0018,2025-02-17,0.6117208,4.920625,3.0100489,4.92062520980835
PRD0018,2025-02-24,0.5466995,4.570176,2.4985132,4.570176124572754
PRD0018,2025-03-03,0.5350961,4.6173325,2.4707167,4.617332458496094
PRD0018,2025-03-10,0.5200196,4.731769,2.4606125,4.73176908493042
PRD0018,2025-03-17,0.71468854,5.7895193,4.137703,5.789519309997559
PRD0018,2025-03-24,0.8179558,6.4136887,5.246114,6.413688659667969
PRD0018,2025-03-31,0.87072897,6.720083,5.8513713,6.720083236694336
PRD0018,2025-04-07,0.8171839,5.430614,4.4378104,5.430613994598389
PRD0018,2025-04-14,0.75652766,4.6476474,3.5160737,4.647647380828857
PRD0018,2025-04-21,0.67119133,3.9868941,2.675969,3.986894130706787
PRD0018,2025-04-28,0.5607654,3.4394703,1.9287359,3.4394702911376953
PRD0018,2025-05-05,0.38530204,2.9519665,1.1373987,0.0
PRD0018,2025-05-12,0.23284712,2.638321,0.61432546,0.0
PRD0018,2025-05-19,0.15089978,2.3479235,0.35430115,0.0
PRD0018,2025-05-26,0.10293259,2.1172564,0.21793468,0.0
PRD0018,2025-06-02,0.07428126,1.9259272,0.1430603,0.0
PRD0018,2025-06-09,0.054827176,1.7555621,0.09625251,0.0
PRD0018,2025-06-16,0.043824125,1.6307166,0.071464725,0.0
PRD0018,2025-06-23,0.037342686,1.5304961,0.057152838,0.0
PRD0018,2025-06-30,0.035099402,1.4570656,0.05114213,0.0
PRD0018,2025-07-07,0.034154344,1.4385879,0.049134027,0.0
PRD0018,2025-07-14,0.034990914,1.3990328,0.048953436,0.0
PRD0018,2025-07-21,0.036418907,1.3867176,0.05050274,0.0
PRD0018,2025-07-28,0.039662182,1.4391046,0.057078026,0.0
PRD0018,2025-08-04,0.04298734,1.5483141,0.06655791,0.0
PRD0018,2025-08-11,0.04756717,1.6787014,0.079851076,0.0
PRD0018,2025-08-18,0.053745355,1.8151369,0.097555175,0.0
PRD0018,2025-08-25,0.061939098,1.9423146,0.12030522,0.0
PRD0019,2024-11-04,0.22269742,4.0300307,0.89747745,0.0
PRD0019,2024-11-11,0.22953746,4.1204624,0.9458005,0.0
PRD0019,2024-11-18,0.23591475,4.163412,0.98221034,0.0
PRD0019,2024-11-25,0.24212457,4.15232,1.0053787,0.0
PRD0019,2024-12-02,0.24780723,4.184897,1.0370477,0.0
PRD0019,2024-12-09,0.25265577,4.1489663,1.0482603,0.0
PRD0019,2024-12-16,0.2565772,4.071735,1.0447143,0.0
PRD0019,2024-12-23,0.25932372,3.9703913,1.0296166,0.0
PRD0019,2024-12-30,0.26239532,3.8371592,1.0068526,0.0
PRD0019,2025-01-06,0.25212443,2.7111228,0.6835403,0.0
PRD0019,2025-01-13,0.264684,2.3271859,0.6159688,0.0
PRD0019,2025-01-20,0.28519738,2.1413858,0.6107176,0.0
PRD0019,2025-01-27,0.30859688,2.195872,0.67763925,0.0
PRD0019,2025-02-03,0.32860044,2.5340955,0.8327049,0.0
PRD0019,2025-02-10,0.50424325,3.9786878,2.0062265,3.9786877632141113
PRD0019,2025-02-17,0.460476,3.8754501,1.7845519,0.0
PRD0019,2025-02-24,0.46776268,4.1038065,1.9196075,0.0
PRD0019,2025-03-03,0.47771695,4.373877,2.0894752,0.0
PRD0019,2025-03-10,0.48059133,4.576081,2.1992247,0.0
PRD0019,2025-03-17,0.5095309,4.716087,2.402992,4.7160868644714355
PRD0019,2025-03-24,0.54187,4.799408,2.600655,4.799407958984375
PRD0019,2025-03-31,0.777098,5.8831058,4.5717497,5.883105754852295
PRD0019,2025-04-07,0.912423,6.388369,5.828895,6.388369083404541
PRD0019,2025-04-14,0.93527454,7.035082,6.579733,7.03508186340332
PRD0019,2025-04-21,0.9502609,7.0701084,6.718447,7.070108413696289
PRD0019,2025-04-28,0.92005104,5.574017,5.1283803,5.57401704788208
PRD0019,2025-05-05,0.94187087,6.344306,5.975517,6.344305992126465
PRD0019,2025-05-12,0.9662718,7.9684296,7.699669,7.9684295654296875
PRD0019,2025-05-19,0.97281474,8.06653,7.8472395,8.066530227661133
PRD0019,2025-05-26,0.98618555,10.786606,10.637595,10.786605834960938
PRD0019,2025-06-02,0.98449874,15.736954,15.493011,15.736953735351562
PRD0019,2025-06-09,0.9889007,17.143768,16.953485,17.143768310546875
PRD0019,2025-06-16,0.986584,12.759403,12.588223,12.759403228759766
PRD0019,2025-06-23,0.979474,13.1944065,12.923578,13.194406509399414
PRD0019,2025-06-30,0.977504,19.21471,18.782457,19.214710235595703
PRD0019,2025-07-07,0.97426873,19.181993,18.688417,19.18199348449707
PRD0019,2025-07-14,0.9617866,15.9597435,15.349868,15.95974349975586
PRD0019,2025-07-21,0.9567467,16.083776,15.3881,16.083776473999023
PRD0019,2025-07-28,0.9644156,18.706108,18.040462,18.70610809326172
PRD0019,2025-08-04,0.952732,17.63842,16.804688,17.63842010498047
PRD0019,2025-08-11,0.94633675,17.58719,16.643404,17.587190628051758
PRD0019,2025-08-18,0.9450747,20.846577,19.701572,20.846576690673828
PRD0019,2025-08-25,0.9021752,21.597797,19.484997,21.597797393798828
PRD0020,2024-11-04,0.17701438,4.0105305,0.70992154,0.0
PRD0020,2024-11-11,0.18503185,4.1153097,0.76146334,0.0
PRD0020,2024-11-18,0.19230808,4.165265,0.8010141,0.0
PRD0020,2024-11-25,0.1985777,4.15185,0.82446486,0.0
PRD0020,2024-12-02,0.20460208,4.1748934,0.85419184,0.0
PRD0020,2024-12-09,0.2093276,4.12999,0.8645209,0.0
PRD0020,2024-12-16,0.21312994,4.0530434,0.8638249,0.0
PRD0020,2024-12-23,0.21557015,3.9510183,0.85172164,0.0
PRD0020,2024-12-30,0.2181451,3.823626,0.8341053,0.0
PRD0020,2025-01-06,0.20691507,2.707856,0.5602962,0.0
PRD0020,2025-01-13,0.21228118,2.3203976,0.49257675,0.0
PRD0020,2025-01-20,0.22530308,2.1370788,0.48149043,0.0
PRD0020,2025-01-27,0.24054977,2.1068184,0.5067947,0.0
PRD0020,2025-02-03,0.25490955,2.4290328,0.61918366,0.0
PRD0020,2025-02-10,0.27087167,2.8400443,0.7692875,0.0
PRD0020,2025-02-17,0.5134107,4.4166875,2.2675745,4.416687488555908
PRD0020,2025-02-24,0.44926542,4.156436,1.867343,0.0
PRD0020,2025-03-03,0.44645905,4.335103,1.935446,0.0
PRD0020,2025-03-10,0.45191452,4.504695,2.035737,0.0
PRD0020,2025-03-17,0.44817203,4.6038113,2.0632994,0.0
PRD0020,2025-03-24,0.47566953,4.6114492,2.1935258,0.0
PRD0020,2025-03-31,0.45015448,4.449526,2.002974,0.0
PRD0020,2025-04-07,0.7067627,5.1929474,3.6701813,5.1929473876953125
PRD0020,2025-04-14,0.5686535,4.151582,2.3608117,4.151581764221191
PRD0020,2025-04-21,0.47561944,3.6363873,1.7295365,0.0
PRD0020,2025-04-28,0.3747546,3.2312808,1.2109374,0.0
PRD0020,2025-05-05,0.26954898,2.8352406,0.7642362,0.0
PRD0020,2025-05-12,0.15682547,2.5246608,0.39593112,0.0
PRD0020,2025-05-19,0.10317207,2.2814064,0.23537743,0.0
PRD0020,2025-05-26,0.07480068,2.0993888,0.15703571,0.0
PRD0020,2025-06-02,0.056321643,1.9445927,0.109522656,0.0
PRD0020,2025-06-09,0.04600729,1.7932487,0.082502514,0.0
PRD0020,2025-06-16,0.039054483,1.6602213,0.06483909,0.0
PRD0020,2025-06-23,0.034484908,1.5342536,0.052908596,0.0
PRD0020,2025-06-30,0.030738732,1.4619646,0.044938937,0.0
PRD0020,2025-07-07,0.029561648,1.4451709,0.042721633,0.0
PRD0020,2025-07-14,0.030174555,1.4042971,0.04237404,0.0
PRD0020,2025-07-21,0.031233767,1.3837092,0.04321845,0.0
PRD0020,2025-07-28,0.033344936,1.4063172,0.04689356,0.0
PRD0020,2025-08-04,0.036495697,1.498774,0.054698803,0.0
PRD0020,2025-08-11,0.040541485,1.6281548,0.06600781,0.0
PRD0020,2025-08-18,0.045913573,1.769378,0.08123846,0.0
PRD0020,2025-08-25,0.053136658,1.904659,0.10120722,0.0
PRD0021,2024-11-04,0.22438218,3.8823361,0.871127,0.0
PRD0021,2024-11-11,0.23249398,3.9914951,0.9279986,0.0
PRD0021,2024-11-18,0.23883727,4.0453715,0.9661855,0.0
PRD0021,2024-11-25,0.24500595,4.0360436,0.9888547,0.0
PRD0021,2024-12-02,0.25065917,4.0678844,1.0196525,0.0
PRD0021,2024-12-09,0.25545704,4.027694,1.0289029,0.0
PRD0021,2024-12-16,0.25949612,3.9522815,1.0256017,0.0
PRD0021,2024-12-23,0.26226288,3.8520155,1.0102407,0.0
PRD0021,2024-12-30,0.26536447,3.725771,0.9886872,0.0
PRD0021,2025-01-06,0.25455648,2.648313,0.6741452,0.0
PRD0021,2025-01-13,0.2668502,2.2763615,0.6074475,0.0
PRD0021,2025-01-20,0.28676748,2.0871582,0.5985291,0.0
PRD0021,2025-01-27,0.31089136,2.0638063,0.64161956,0.0
PRD0021,2025-02-03,0.3312808,2.3862822,0.7905295,0.0
PRD0021,2025-02-10,0.35161722,2.7919374,0.98169327,0.0
PRD0021,2025-02-17,0.5322325,4.1868653,2.228386,4.186865329742432
PRD0021,2025-02-24,0.6387211,5.1071205,3.2620256,5.107120513916016
PRD0021,2025-03-03,0.5853969,4.688352,2.7445467,4.688352108001709
PRD0021,2025-03-10,0.5906352,4.7438416,2.80188,4.743841648101807
PRD0021,2025-03-17,0.60062224,4.803689,2.8852024,4.803689002990723
PRD0021,2025-03-24,0.6157519,4.763301,2.9330118,4.763300895690918
PRD0021,2025-03-31,0.5947864,4.548872,2.7056072,4.548871994018555
PRD0021,2025-04-07,0.91883904,6.1787663,5.677292,6.178766250610352
PRD0021,2025-04-14,0.9266205,6.484251,6.00844,6.484251022338867
PRD0021,2025-04-21,0.94053936,6.3040357,5.9291935,6.304035663604736
PRD0021,2025-04-28,0.9515351,6.0599594,5.766264,6.059959411621094
PRD0021,2025-05-05,0.9755194,7.432061,7.25012,7.432061195373535
PRD0021,2025-05-12,0.95401466,5.429688,5.1800017,5.429687976837158
PRD0021,2025-05-19,0.9708897,5.9109244,5.7388554,5.910924434661865
PRD0021,2025-05-26,0.97189724,6.094626,5.9233503,6.094625949859619
PRD0021,2025-06-02,0.97813195,8.620651,8.432135,8.620651245117188
PRD0021,2025-06-09,0.97410345,7.119748,6.9353714,7.119748115539551
PRD0021,2025-06-16,0.96821076,6.5184984,6.3112803,6.518498420715332
PRD0021,2025-06-23,0.96031165,6.63962,6.3761044,6.639619827270508
PRD0021,2025-06-30,0.9274252,9.64512,8.9451275,9.645119667053223
PRD0021,2025-07-07,0.9269219,6.09323,5.6479483,6.0932297706604
PRD0021,2025-07-14,0.91156894,6.687333,6.0959654,6.687333106994629
PRD0021,2025-07-21,0.8079065,12.167823,9.830463,12.16782283782959
PRD0021,2025-07-28,0.94272333,6.4990883,6.126842,6.499088287353516
PRD0021,2025-08-04,0.9186963,7.531069,6.918765,7.531068801879883
PRD0021,2025-08-11,0.9203534,7.9527273,7.3193197,7.952727317810059
PRD0021,2025-08-18,0.90029705,7.220232,6.5003533,7.220232009887695
PRD0021,2025-08-25,0.8457026,7.8753633,6.6602154,7.875363349914551
PRD0022,2024-11-04,0.22202232,4.0010095,0.8883134,0.0
PRD0022,2024-11-11,0.2297575,4.0943108,0.9406986,0.0
PRD0022,2024-11-18,0.23603736,4.1370406,0.97649616,0.0
PRD0022,2024-11-25,0.2421793,4.126004,0.9992328,0.0
PRD0022,2024-12-02,0.24777035,4.1527724,1.0289339,0.0
PRD0022,2024-12-09,0.2527533,4.1080613,1.038326,0.0
PRD0022,2024-12-16,0.25693595,4.031443,1.0358226,0.0
PRD0022,2024-12-23,0.25968498,3.9295754,1.0204517,0.0
PRD0022,2024-12-30,0.26233903,3.7930465,0.99506414,0.0
PRD0022,2025-01-06,0.25211737,2.700559,0.6808578,0.0
PRD0022,2025-01-13,0.2652268,2.3149834,0.6139957,0.0
PRD0022,2025-01-20,0.28454098,2.1192017,0.60299975,0.0
PRD0022,2025-01-27,0.30858538,2.1458914,0.66219074,0.0
PRD0022,2025-02-03,0.3279403,2.502616,0.8207086,0.0
PRD0022,2025-02-10,0.34803385,2.9318886,1.0203965,0.0
PRD0022,2025-02-17,0.3680389,3.3471966,1.2318985,0.0
PRD0022,2025-02-24,0.5629256,4.829353,2.7185662,4.829352855682373
PRD0022,2025-03-03,0.6872202,5.53272,3.802197,5.53272008895874
PRD0022,2025-03-10,0.64128256,5.176132,3.3193634,5.1761322021484375
PRD0022,2025-03-17,0.9122781,8.33066,7.599879,8.330659866333008
PRD0022,2025-03-24,0.8338363,7.138633,5.952451,7.138632774353027
PRD0022,2025-03-31,0.7886738,6.330998,4.9930925,6.330997943878174
PRD0022,2025-04-07,0.8960744,6.9089656,6.190947,6.908965587615967
PRD0022,2025-04-14,0.90889513,7.2382765,6.578834,7.238276481628418
PRD0022,2025-04-21,0.86512554,5.3980737,4.6700115,5.398073673248291
PRD0022,2025-04-28,0.9175731,5.8055043,5.3269744,5.805504322052002
PRD0022,2025-05-05,0.95617247,6.9716673,6.666116,6.971667289733887
PRD0022,2025-05-12,0.9700704,8.25609,8.008989,8.25609016418457
PRD0022,2025-05-19,0.9763991,9.81714,9.585446,9.817139625549316
PRD0022,2025-05-26,0.98329306,11.365313,11.175433,11.365312576293945
PRD0022,2025-06-02,0.97515786,9.236804,9.007342,9.236804008483887
PRD0022,2025-06-09,0.9777309,10.84115,10.599728,10.841150283813477
PRD0022,2025-06-16,0.9635364,10.151124,9.780977,10.151124000549316
PRD0022,2025-06-23,0.9473933,9.475339,8.976872,9.47533893585205
PRD0022,2025-06-30,0.9444319,9.576217,9.044085,9.576216697692871
PRD0022,2025-07-07,0.9376633,9.142583,8.572664,9.142582893371582
PRD0022,2025-07-14,0.94981146,10.966624,10.416225,10.96662425994873
PRD0022,2025-07-21,0.955872,13.508225,12.912134,13.508225440979004
PRD0022,2025-07-28,0.96706223,16.598347,16.051634,16.598346710205078
PRD0022,2025-08-04,0.95204014,14.8789015,14.165312,14.878901481628418
PRD0022,2025-08-11,0.94244343,15.993273,15.072755,15.99327278137207
PRD0022,2025-08-18,0.93057734,16.955608,15.778505,16.955608367919922
PRD0022,2025-08-25,0.9470345,16.655893,15.7737055,16.655893325805664
PRD0023,2024-11-04,0.22758423,3.956761,0.90049636,0.0
PRD0023,2024-11-11,0.23575447,4.0576897,0.9566185,0.0
PRD0023,2024-11-18,0.24196745,4.1001124,0.99209374,0.0
PRD0023,2024-11-25,0.24825071,4.0891547,1.0151355,0.0
PRD0023,2024-12-02,0.25395358,4.121332,1.046627,0.0
PRD0023,2024-12-09,0.25900173,4.0875998,1.0586954,0.0
PRD0023,2024-12-16,0.26339498,4.011289,1.0565535,0.0
PRD0023,2024-12-23,0.26618838,3.9098291,1.0407511,0.0
PRD0023,2024-12-30,0.2694365,3.7798958,1.0184419,0.0
PRD0023,2025-01-06,0.25854987,2.6631346,0.6885531,0.0
PRD0023,2025-01-13,0.27160487,2.2748022,0.6178473,0.0
PRD0023,2025-01-20,0.29182464,2.0857003,0.60865873,0.0
PRD0023,2025-01-27,0.31588477,2.1011798,0.6637307,0.0
PRD0023,2025-02-03,0.3367849,2.4258773,0.81699884,0.0
PRD0023,2025-02-10,0.3578295,2.8472848,1.0188426,0.0
PRD0023,2025-02-17,0.3789381,3.2188835,1.2197577,0.0
PRD0023,2025-02-24,0.40275753,3.5533648,1.4311444,0.0
PRD0023,2025-03-03,0.42443448,3.9055147,1.6576351,0.0
PRD0023,2025-03-10,0.44697016,4.17441,1.8658366,0.0
PRD0023,2025-03-17,0.48007357,4.382035,2.103699,0.0
PRD0023,2025-03-24,0.7628128,5.7636533,4.3965883,5.76365327835083
PRD0023,2025-03-31,0.67820275,5.013556,3.4002075,5.013556003570557
PRD0023,2025-04-07,0.9433028,6.531615,6.1612906,6.531614780426025
PRD0023,2025-04-14,0.9639559,8.600888,8.290876,8.6008882522583
PRD0023,2025-04-21,0.96162695,7.926852,7.622675,7.926852226257324
PRD0023,2025-04-28,0.9633043,8.265741,7.962424,8.265741348266602
PRD0023,2025-05-05,0.9654277,7.9462643,7.6715436,7.946264266967773
PRD0023,2025-05-12,0.9329315,6.177533,5.763215,6.177533149719238
PRD0023,2025-05-19,0.94751686,6.0984674,5.7784004,6.0984673500061035
PRD0023,2025-05-26,0.9621457,8.182336,7.872599,8.18233585357666
PRD0023,2025-06-02,0.9718316,7.609948,7.3955884,7.60994815826416
PRD0023,2025-06-09,0.9722068,7.3507385,7.1464376,7.350738525390625
PRD0023,2025-06-16,0.97232354,8.128428,7.9034624,8.12842845916748
PRD0023,2025-06-23,0.9631829,7.7651157,7.479227,7.765115737915039
PRD0023,2025-06-30,0.96194136,7.7752295,7.479315,7.775229454040527
PRD0023,2025-07-07,0.9704832,11.634023,11.290624,11.63402271270752
PRD0023,2025-07-14,0.97678787,13.484757,13.171747,13.484757423400879
PRD0023,2025-07-21,0.9671166,11.39456,11.019868,11.394559860229492
PRD0023,2025-07-28,0.95266885,9.820931,9.356095,9.820931434631348
PRD0023,2025-08-04,0.9466991,11.296877,10.694743,11.296876907348633
PRD0023,2025-08-11,0.937412,10.216328,9.576908,10.216327667236328
PRD0023,2025-08-18,0.8718061,9.213489,8.032375,9.213488578796387
PRD0023,2025-08-25,0.87958205,9.430921,8.295268,9.430920600891113
PRD0024,2024-11-04,0.22204892,4.0186863,0.89234495,0.0
PRD0024,2024-11-11,0.22968261,4.1089144,0.94374615,0.0
PRD0024,2024-11-18,0.23634075,4.1517673,0.98123175,0.0
PRD0024,2024-11-25,0.24261622,4.1406994,1.0046009,0.0
PRD0024,2024-12-02,0.24823238,4.173202,1.0359238,0.0
PRD0024,2024-12-09,0.25304702,4.1349,1.0463241,0.0
PRD0024,2024-12-16,0.25690058,4.057879,1.0424714,0.0
PRD0024,2024-12-23,0.25964934,3.9554772,1.027037,0.0
PRD0024,2024-12-30,0.26251155,3.8155818,1.0016342,0.0
PRD0024,2025-01-06,0.251567,2.6968555,0.67843986,0.0
PRD0024,2025-01-13,0.2624979,2.3123066,0.6069756,0.0
PRD0024,2025-01-20,0.28237915,2.1295636,0.60134435,0.0
PRD0024,2025-01-27,0.3054113,2.1363738,0.65247273,0.0
PRD0024,2025-02-03,0.32497644,2.4896095,0.80906445,0.0
PRD0024,2025-02-10,0.3450253,2.9169197,1.0064111,0.0
PRD0024,2025-02-17,0.36516294,3.3407164,1.2199059,0.0
PRD0024,2025-02-24,0.38860297,3.7288542,1.4490439,0.0
PRD0024,2025-03-03,0.41167417,4.093417,1.6851541,0.0
PRD0024,2025-03-10,0.43334004,4.3701167,1.8937466,0.0
PRD0024,2025-03-17,0.46251598,4.600403,2.12776,0.0
PRD0024,2025-03-24,0.5033946,4.7444363,2.3883235,4.744436264038086
PRD0024,2025-03-31,0.49683487,4.6496797,2.310123,0.0
PRD0024,2025-04-07,0.4633257,4.3086243,1.9962964,0.0
PRD0024,2025-04-14,0.41882876,3.9382253,1.649442,0.0
PRD0024,2025-04-21,0.76251113,4.9407473,3.7673748,4.940747261047363
PRD0024,2025-04-28,0.95301455,6.555373,6.247366,6.555373191833496
PRD0024,2025-05-05,0.98666286,10.839326,10.69476,10.839325904846191
PRD0024,2025-05-12,0.9871736,15.189394,14.994569,15.189393997192383
PRD0024,2025-05-19,0.9899142,18.111536,17.928865,18.111536026000977
PRD0024,2025-05-26,0.9872867,19.508833,19.26081,19.508832931518555
PRD0024,2025-06-02,0.98774755,18.524454,18.297483,18.52445411682129
PRD0024,2025-06-09,0.9845062,25.068771,24.68036,25.068771362304688
PRD0024,2025-06-16,0.9848354,28.62896,28.194813,28.62895965576172
PRD0024,2025-06-23,0.9780635,16.23516,15.879019,16.23516082763672
PRD0024,2025-06-30,0.9832166,25.971493,25.535603,25.971492767333984
PRD0024,2025-07-07,0.9827585,35.168346,34.561993,35.1683464050293
PRD0024,2025-07-14,0.9867561,31.67876,31.25921,31.678760528564453
PRD0024,2025-07-21,0.98197305,39.420258,38.70963,39.420257568359375
PRD0024,2025-07-28,0.98623186,28.236292,27.84753,28.236291885375977
PRD0024,2025-08-04,0.96932703,37.131493,35.99256,37.131492614746094
PRD0024,2025-08-11,0.9855769,24.124376,23.776428,24.12437629699707
PRD0024,2025-08-18,0.97276294,27.238796,26.496891,27.23879623413086
PRD0024,2025-08-25,0.9758555,25.535189,24.918655,25.535188674926758
